 ,image,image_caption,address,location,postal_code,price__value,listing-item__feat__value,listing-item__feat__description,listing-item__feat__value 2,listing-item__feat__description 2,listing-item__feat__value 3,listing-item__feat__description 3,listing-item__action href,js-resultitem,o-listing-flag
https://www.elliman.com/newyorkcity/sales/detail/527-l-601-17_21392370/15-e-30th-st-ph60a-nomad-new-york-ny-10016,https://img-de-v2.gtsstatic.net/reno/imagereader.aspx?idlisting=527-l-601-17_21392370&imageurl=https%3A%2F%2Fmmsmedia.vht.com%2FMedia%2FPhotography%2FDEGI%2F1279301%2F091768b6-8372-4a5c-a09d-419d09e3e5b9.jpg%3Fdate%3D2024-09-10&option=n&w=1024&fallbackimageurl=https%3A%2F%2Fstatic-ind-elliman-newyorkcity-production.gtsstatic.net%2Fresources%2Fsiteresources%2Fcommonresources%2Fimages%2Fnophoto%2Fde_website_holder_400x300.jpg,"of
				 29","Madison House, 15 E 30TH ST, PH60A",NoMad,10016,"$25,000,000",5,beds,5,baths,1,Half Bath,https://www.elliman.com/newyorkcity/sales/detail/527-l-601-17_21392370/15-e-30th-st-ph60a-nomad-new-york-ny-10016,"{""@context"":""https://schema.org"",""@type"":[""Residence"",""Accommodation"",""Product""],""brand"":{""@type"":""Brand"",""@id"":""#527-l-601-17_21392370"",""name"":""Resource""},""url"":""https://www.elliman.com/newyorkcity/sales/detail/527-l-601-17_21392370/15-e-30th-st-ph60a-nomad-new-york-ny-10016"",""containedInPlace"":{""@type"":""Place"",""url"":""https://www.elliman.com/newyorkcity/sales/detail/527-l-601-17_21392370/15-e-30th-st-ph60a-nomad-new-york-ny-10016"",""name"":""Madison House, 15 E 30TH ST, PH60A""},""description"":""IMMEDIATE OCCUPANCY Penthouse 60A, the last remaining Penthouse and duplex available at Madison House, encompasses 5,151 square feet, four-bedrooms with den and five and a half-baths, which opens into an elegant entry foyer, leading to great room with a fireplace and 23-foot double height ceilings. The gracious 222 square foot..."",""image"":""https://mmsmedia.vht.com/Media/Photography/DEGI/1279301/091768b6-8372-4a5c-a09d-419d09e3e5b9.jpg?date=2024-09-10"",""floorSize"":[{""@type"":""QuantitativeValue"",""unitCode"":""FTK"",""value"":""5151""}],""name"":""Madison House, 15 E 30TH ST, PH60A"",""numberofBedrooms"":""5"",""numberofFullBathrooms"":""5"",""numberofPartialBathrooms"":""1"",""offers"":{""@type"":""Offer"",""businessFunction"":""https://purl.org/goodrelations/v1#Sell"",""availability"":""inStock"",""price"":""25000000"",""priceCurrency"":""USD"",""priceValidUntil"":""9999-12-31T23:59:59"",""validThrough"":""2026-10-29T20:47:24"",""name"":""Madison House, 15 E 30TH ST, PH60A"",""url"":""https://www.elliman.com/newyorkcity/sales/detail/527-l-601-17_21392370/15-e-30th-st-ph60a-nomad-new-york-ny-10016"",""itemOffered"":""https://www.elliman.com/newyorkcity/sales/detail/527-l-601-17_21392370/15-e-30th-st-ph60a-nomad-new-york-ny-10016"",""image"":""https://mmsmedia.vht.com/Media/Photography/DEGI/1279301/091768b6-8372-4a5c-a09d-419d09e3e5b9.jpg?date=2024-09-10"",""offeredBy"":{""@type"":""Person"",""url"":""https://www.elliman.com"",""telephone"":""212.965.6000"",""name"":""Downtown"",""email"":""AHill@elliman.com""},""seller"":{""@type"":""Organization"",""@id"":""527-b-531-531"",""name"":""Resource"",""logo"":""https://www.elliman.com/siteresources/commonresources/images/nophoto/de_website_holder_450x450.jpg"",""image"":""https://www.elliman.com/siteresources/commonresources/images/nophoto/de_website_holder_450x450.jpg"",""address"":{""@type"":""PostalAddress"",""streetAddress"":""140 Franklin St"",""addressLocality"":""New York"",""addressRegion"":""New York"",""postalCode"":""10013"",""addressCountry"":""United States""},""telephone"":""212.965.6000""}},""address"":{""@type"":""PostalAddress"",""streetAddress"":""Madison House, 15 E 30TH ST, PH60A"",""addressLocality"":""New York"",""addressRegion"":""New York"",""postalCode"":""10016"",""addressCountry"":""United States""}}",
https://www.elliman.com/newyorkcity/sales/detail/527-l-531-17_22952730/241-e-48th-st-turtle-bay-new-york-ny-10017,https://img-de-v2.gtsstatic.net/reno/imagereader.aspx?idlisting=527-l-531-17_22952730&imageurl=https%3A%2F%2Fmmsmedia.vht.com%2FMedia%2FPhotography%2FDEGI%2F1768952%2F6683d9e9-a374-43e8-8911-b8d30472bfb2.jpg%3Fdate%3D2024-10-01&option=n&w=1024&fallbackimageurl=https%3A%2F%2Fstatic-ind-elliman-newyorkcity-production.gtsstatic.net%2Fresources%2Fsiteresources%2Fcommonresources%2Fimages%2Fnophoto%2Fde_website_holder_400x300.jpg,"of
				 23",241 E 48TH ST,Turtle Bay,10017,"$13,950,000",4,beds,5,baths,1,Half Bath,https://www.elliman.com/newyorkcity/sales/detail/527-l-531-17_22952730/241-e-48th-st-turtle-bay-new-york-ny-10017,"{""@context"":""https://schema.org"",""@type"":[""Residence"",""Accommodation"",""Product""],""brand"":{""@type"":""Brand"",""@id"":""#527-l-531-17_22952730"",""name"":""Resource""},""url"":""https://www.elliman.com/newyorkcity/sales/detail/527-l-531-17_22952730/241-e-48th-st-turtle-bay-new-york-ny-10017"",""containedInPlace"":{""@type"":""Place"",""url"":""https://www.elliman.com/newyorkcity/sales/detail/527-l-531-17_22952730/241-e-48th-st-turtle-bay-new-york-ny-10017"",""name"":""241 E 48TH ST""},""description"":""This spectacular 5 floor townhome is delivered with a lush private garden, an abundance of closet space, premier finishes, and unparalleled amenities with its elevator access throughout the home. Luxury and thoughtful design are abundant throughout this 4 bedroom 5.5 bathroom 5,500 SF home. A Georgian facade with timeless..."",""image"":""https://mmsmedia.vht.com/Media/Photography/DEGI/1768952/6683d9e9-a374-43e8-8911-b8d30472bfb2.jpg?date=2024-10-01"",""floorSize"":[{""@type"":""QuantitativeValue"",""unitCode"":""FTK"",""value"":""5500""}],""name"":""241 E 48TH ST"",""numberofBedrooms"":""4"",""numberofFullBathrooms"":""5"",""numberofPartialBathrooms"":""1"",""offers"":{""@type"":""Offer"",""businessFunction"":""https://purl.org/goodrelations/v1#Sell"",""availability"":""inStock"",""price"":""13950000"",""priceCurrency"":""USD"",""priceValidUntil"":""9999-12-31T23:59:59"",""validThrough"":""2026-10-29T20:47:24"",""name"":""241 E 48TH ST"",""url"":""https://www.elliman.com/newyorkcity/sales/detail/527-l-531-17_22952730/241-e-48th-st-turtle-bay-new-york-ny-10017"",""itemOffered"":""https://www.elliman.com/newyorkcity/sales/detail/527-l-531-17_22952730/241-e-48th-st-turtle-bay-new-york-ny-10017"",""image"":""https://mmsmedia.vht.com/Media/Photography/DEGI/1768952/6683d9e9-a374-43e8-8911-b8d30472bfb2.jpg?date=2024-10-01"",""offeredBy"":{""@type"":""Person"",""url"":""https://www.elliman.com"",""telephone"":""212.965.6000"",""name"":""Downtown"",""email"":""AHill@elliman.com""},""seller"":{""@type"":""Organization"",""@id"":""527-b-531-531"",""name"":""Resource"",""logo"":""https://www.elliman.com/siteresources/commonresources/images/nophoto/de_website_holder_450x450.jpg"",""image"":""https://www.elliman.com/siteresources/commonresources/images/nophoto/de_website_holder_450x450.jpg"",""address"":{""@type"":""PostalAddress"",""streetAddress"":""140 Franklin St"",""addressLocality"":""New York"",""addressRegion"":""New York"",""postalCode"":""10013"",""addressCountry"":""United States""},""telephone"":""212.965.6000""}},""address"":{""@type"":""PostalAddress"",""streetAddress"":""241 E 48TH ST"",""addressLocality"":""New York"",""addressRegion"":""New York"",""postalCode"":""10017"",""addressCountry"":""United States""}}",
https://www.elliman.com/newyorkcity/sales/detail/527-l-601-17_22341911/15-e-30th-st-58a-nomad-new-york-ny-10016,https://img-de-v2.gtsstatic.net/reno/imagereader.aspx?idlisting=527-l-601-17_22341911&imageurl=https%3A%2F%2Fmmsmedia.vht.com%2FMedia%2FPhotography%2FDEGI%2F1632226%2Fd3be4fec-8fd2-44d2-a323-7ac5bd9a93ee.jpg%3Fdate%3D2024-10-24&option=n&w=1024&fallbackimageurl=https%3A%2F%2Fstatic-ind-elliman-newyorkcity-production.gtsstatic.net%2Fresources%2Fsiteresources%2Fcommonresources%2Fimages%2Fnophoto%2Fde_website_holder_400x300.jpg,"of
				 26","Madison House, 15 E 30TH ST, 58A",NoMad,10016,"$11,995,000",4,beds,4,baths,,,https://www.elliman.com/newyorkcity/sales/detail/527-l-601-17_22341911/15-e-30th-st-58a-nomad-new-york-ny-10016,"{""@context"":""https://schema.org"",""@type"":[""Residence"",""Accommodation"",""Product""],""brand"":{""@type"":""Brand"",""@id"":""#527-l-601-17_22341911"",""name"":""Resource""},""url"":""https://www.elliman.com/newyorkcity/sales/detail/527-l-601-17_22341911/15-e-30th-st-58a-nomad-new-york-ny-10016"",""containedInPlace"":{""@type"":""Place"",""url"":""https://www.elliman.com/newyorkcity/sales/detail/527-l-601-17_22341911/15-e-30th-st-58a-nomad-new-york-ny-10016"",""name"":""Madison House, 15 E 30TH ST, 58A""},""description"":""IMMEDIATE OCCUPANCY This 3,391 square foot four-bedroom, four and a half-bath residence opens into an elegant entry foyer, leading to a living and dining room encased with 10-foot tall windows with North, East and West views. Gachot-designed custom rift-cut cabinetry accentuates the open kitchen, with a honed Calacatta Borghini..."",""image"":""https://mmsmedia.vht.com/Media/Photography/DEGI/1632226/d3be4fec-8fd2-44d2-a323-7ac5bd9a93ee.jpg?date=2024-10-24"",""floorSize"":[{""@type"":""QuantitativeValue"",""unitCode"":""FTK"",""value"":""3391""}],""name"":""Madison House, 15 E 30TH ST, 58A"",""numberofBedrooms"":""4"",""numberofFullBathrooms"":""4"",""offers"":{""@type"":""Offer"",""businessFunction"":""https://purl.org/goodrelations/v1#Sell"",""availability"":""inStock"",""price"":""11995000"",""priceCurrency"":""USD"",""priceValidUntil"":""9999-12-31T23:59:59"",""validThrough"":""2026-10-29T20:47:24"",""name"":""Madison House, 15 E 30TH ST, 58A"",""url"":""https://www.elliman.com/newyorkcity/sales/detail/527-l-601-17_22341911/15-e-30th-st-58a-nomad-new-york-ny-10016"",""itemOffered"":""https://www.elliman.com/newyorkcity/sales/detail/527-l-601-17_22341911/15-e-30th-st-58a-nomad-new-york-ny-10016"",""image"":""https://mmsmedia.vht.com/Media/Photography/DEGI/1632226/d3be4fec-8fd2-44d2-a323-7ac5bd9a93ee.jpg?date=2024-10-24"",""offeredBy"":{""@type"":""Person"",""url"":""https://www.elliman.com"",""telephone"":""212.965.6000"",""name"":""Downtown"",""email"":""AHill@elliman.com""},""seller"":{""@type"":""Organization"",""@id"":""527-b-531-531"",""name"":""Resource"",""logo"":""https://www.elliman.com/siteresources/commonresources/images/nophoto/de_website_holder_450x450.jpg"",""image"":""https://www.elliman.com/siteresources/commonresources/images/nophoto/de_website_holder_450x450.jpg"",""address"":{""@type"":""PostalAddress"",""streetAddress"":""140 Franklin St"",""addressLocality"":""New York"",""addressRegion"":""New York"",""postalCode"":""10013"",""addressCountry"":""United States""},""telephone"":""212.965.6000""}},""address"":{""@type"":""PostalAddress"",""streetAddress"":""Madison House, 15 E 30TH ST, 58A"",""addressLocality"":""New York"",""addressRegion"":""New York"",""postalCode"":""10016"",""addressCountry"":""United States""}}",
https://www.elliman.com/newyorkcity/sales/detail/527-l-601-17_21746108/15-e-30th-st-58b-nomad-new-york-ny-10016,https://img-de-v2.gtsstatic.net/reno/imagereader.aspx?idlisting=527-l-601-17_21746108&imageurl=https%3A%2F%2Fmmsmedia.vht.com%2FMedia%2FPhotography%2FDEGI%2F1407338%2F043324f9-cd9c-449e-8e61-4aabd89de812.jpg%3Fdate%3D2024-09-10&option=n&w=1024&fallbackimageurl=https%3A%2F%2Fstatic-ind-elliman-newyorkcity-production.gtsstatic.net%2Fresources%2Fsiteresources%2Fcommonresources%2Fimages%2Fnophoto%2Fde_website_holder_400x300.jpg,"of
				 22","Madison House, 15 E 30TH ST, 58B",NoMad,10016,"$10,900,000",3,beds,3,baths,,,https://www.elliman.com/newyorkcity/sales/detail/527-l-601-17_21746108/15-e-30th-st-58b-nomad-new-york-ny-10016,"{""@context"":""https://schema.org"",""@type"":[""Residence"",""Accommodation"",""Product""],""brand"":{""@type"":""Brand"",""@id"":""#527-l-601-17_21746108"",""name"":""Resource""},""url"":""https://www.elliman.com/newyorkcity/sales/detail/527-l-601-17_21746108/15-e-30th-st-58b-nomad-new-york-ny-10016"",""containedInPlace"":{""@type"":""Place"",""url"":""https://www.elliman.com/newyorkcity/sales/detail/527-l-601-17_21746108/15-e-30th-st-58b-nomad-new-york-ny-10016"",""name"":""Madison House, 15 E 30TH ST, 58B""},""description"":""IMMEDIATE OCCUPANCY This 2,955 square foot three-bedroom, three and a half-bath residence opens into an elegant entry foyer, leading to a living and dining room encased with 10-foot tall windows with South, East and West views. Gachot-designed custom rift-cut cabinetry accentuates the open kitchen, with a honed Calacatta..."",""image"":""https://mmsmedia.vht.com/Media/Photography/DEGI/1407338/043324f9-cd9c-449e-8e61-4aabd89de812.jpg?date=2024-09-10"",""floorSize"":[{""@type"":""QuantitativeValue"",""unitCode"":""FTK"",""value"":""2955""}],""name"":""Madison House, 15 E 30TH ST, 58B"",""numberofBedrooms"":""3"",""numberofFullBathrooms"":""3"",""offers"":{""@type"":""Offer"",""businessFunction"":""https://purl.org/goodrelations/v1#Sell"",""availability"":""inStock"",""price"":""10900000"",""priceCurrency"":""USD"",""priceValidUntil"":""9999-12-31T23:59:59"",""validThrough"":""2026-10-29T20:47:24"",""name"":""Madison House, 15 E 30TH ST, 58B"",""url"":""https://www.elliman.com/newyorkcity/sales/detail/527-l-601-17_21746108/15-e-30th-st-58b-nomad-new-york-ny-10016"",""itemOffered"":""https://www.elliman.com/newyorkcity/sales/detail/527-l-601-17_21746108/15-e-30th-st-58b-nomad-new-york-ny-10016"",""image"":""https://mmsmedia.vht.com/Media/Photography/DEGI/1407338/043324f9-cd9c-449e-8e61-4aabd89de812.jpg?date=2024-09-10"",""offeredBy"":{""@type"":""Person"",""url"":""https://www.elliman.com"",""telephone"":""212.965.6000"",""name"":""Downtown"",""email"":""AHill@elliman.com""},""seller"":{""@type"":""Organization"",""@id"":""527-b-531-531"",""name"":""Resource"",""logo"":""https://www.elliman.com/siteresources/commonresources/images/nophoto/de_website_holder_450x450.jpg"",""image"":""https://www.elliman.com/siteresources/commonresources/images/nophoto/de_website_holder_450x450.jpg"",""address"":{""@type"":""PostalAddress"",""streetAddress"":""140 Franklin St"",""addressLocality"":""New York"",""addressRegion"":""New York"",""postalCode"":""10013"",""addressCountry"":""United States""},""telephone"":""212.965.6000""}},""address"":{""@type"":""PostalAddress"",""streetAddress"":""Madison House, 15 E 30TH ST, 58B"",""addressLocality"":""New York"",""addressRegion"":""New York"",""postalCode"":""10016"",""addressCountry"":""United States""}}",
https://www.elliman.com/newyorkcity/sales/detail/527-l-552-17_23183832/710-third-ave-turtle-bay-new-york-ny-10017,https://img-de-v2.gtsstatic.net/reno/imagereader.aspx?idlisting=527-l-552-17_23183832&imageurl=https%3A%2F%2Fmmsmedia.vht.com%2FMedia%2FPhotography%2FDEGI%2F1835053%2F01d7b4ae-4db4-412c-b9c9-627b59b27bc8.jpg%3Fdate%3D2024-10-21&option=n&w=1024&fallbackimageurl=https%3A%2F%2Fstatic-ind-elliman-newyorkcity-production.gtsstatic.net%2Fresources%2Fsiteresources%2Fcommonresources%2Fimages%2Fnophoto%2Fde_website_holder_400x300.jpg,"of
				 3",710 THIRD AVE,Turtle Bay,10017,"$10,000,000",,,,,,,,"{""@context"":""https://schema.org"",""@type"":[""Residence"",""Accommodation"",""Product""],""brand"":{""@type"":""Brand"",""@id"":""#527-l-552-17_23183832"",""name"":""Resource""},""url"":""https://www.elliman.com/newyorkcity/sales/detail/527-l-552-17_23183832/710-third-ave-turtle-bay-new-york-ny-10017"",""containedInPlace"":{""@type"":""Place"",""url"":""https://www.elliman.com/newyorkcity/sales/detail/527-l-552-17_23183832/710-third-ave-turtle-bay-new-york-ny-10017"",""name"":""710 THIRD AVE""},""description"":""Prime Development Opportunity in Midtown Manhattan: Versatile Land for Condo, Hotel or Office Space Location: 710 Third Avenue Price: $12,500,000 Buildable SQ FT: 39,625 Description: Unlock the potential of this prime piece of land, perfectly situated in Midtown Manhattan, the largest commercial and business district in the..."",""image"":""https://mmsmedia.vht.com/Media/Photography/DEGI/1835053/01d7b4ae-4db4-412c-b9c9-627b59b27bc8.jpg?date=2024-10-21"",""floorSize"":[{""@type"":""QuantitativeValue"",""unitCode"":""FTK"",""value"":""0""}],""name"":""710 THIRD AVE"",""offers"":{""@type"":""Offer"",""businessFunction"":""https://purl.org/goodrelations/v1#Sell"",""availability"":""inStock"",""price"":""10000000"",""priceCurrency"":""USD"",""priceValidUntil"":""9999-12-31T23:59:59"",""validThrough"":""2026-10-29T20:47:24"",""name"":""710 THIRD AVE"",""url"":""https://www.elliman.com/newyorkcity/sales/detail/527-l-552-17_23183832/710-third-ave-turtle-bay-new-york-ny-10017"",""itemOffered"":""https://www.elliman.com/newyorkcity/sales/detail/527-l-552-17_23183832/710-third-ave-turtle-bay-new-york-ny-10017"",""image"":""https://mmsmedia.vht.com/Media/Photography/DEGI/1835053/01d7b4ae-4db4-412c-b9c9-627b59b27bc8.jpg?date=2024-10-21"",""offeredBy"":{""@type"":""Person"",""url"":""https://www.elliman.com"",""telephone"":""212.891.7000"",""name"":""East Side"",""email"":""arenna@elliman.com""},""seller"":{""@type"":""Organization"",""@id"":""527-b-551-551"",""name"":""Resource"",""logo"":""https://www.elliman.com/siteresources/commonresources/images/nophoto/de_website_holder_450x450.jpg"",""image"":""https://www.elliman.com/siteresources/commonresources/images/nophoto/de_website_holder_450x450.jpg"",""address"":{""@type"":""PostalAddress"",""streetAddress"":""575 Madison Ave"",""addressLocality"":""New York"",""addressRegion"":""New York"",""postalCode"":""10022"",""addressCountry"":""United States""},""telephone"":""212.891.7000""}},""address"":{""@type"":""PostalAddress"",""streetAddress"":""710 THIRD AVE"",""addressLocality"":""New York"",""addressRegion"":""New York"",""postalCode"":""10017"",""addressCountry"":""United States""}}",Price Reduced
https://www.elliman.com/newyorkcity/sales/detail/527-l-551-17_22655471/199-chrystie-st-ph1-lower-east-side-new-york-ny-10002,https://img-de-v2.gtsstatic.net/reno/imagereader.aspx?idlisting=527-l-551-17_22655471&imageurl=https%3A%2F%2Fmmsmedia.vht.com%2FMedia%2FPhotography%2FDEGI%2F1698354%2F6f895cf4-3d8b-466a-9284-42192c81aac8.jpg%3Fdate%3D2024-10-08&option=n&w=1024&fallbackimageurl=https%3A%2F%2Fstatic-ind-elliman-newyorkcity-production.gtsstatic.net%2Fresources%2Fsiteresources%2Fcommonresources%2Fimages%2Fnophoto%2Fde_website_holder_400x300.jpg,"of
				 30","199 CHRYSTIE ST, PH1",Lower East Side,10002,"$8,250,000",6,beds,6,baths,,,,"{""@context"":""https://schema.org"",""@type"":[""Residence"",""Accommodation"",""Product""],""brand"":{""@type"":""Brand"",""@id"":""#527-l-551-17_22655471"",""name"":""Resource""},""url"":""https://www.elliman.com/newyorkcity/sales/detail/527-l-551-17_22655471/199-chrystie-st-ph1-lower-east-side-new-york-ny-10002"",""containedInPlace"":{""@type"":""Place"",""url"":""https://www.elliman.com/newyorkcity/sales/detail/527-l-551-17_22655471/199-chrystie-st-ph1-lower-east-side-new-york-ny-10002"",""name"":""199 CHRYSTIE ST, PH1""},""description"":""Immediate Occupancy! Designed by world-renowned architect, Thomas Juul-Hansen, 199 Chrystie Street presents 14 beautifully crafted interlocking villas that evokes striking architectural design yet remains refined through the timeless interiors. At 4,610 square feet, Penthouse 1 is a stunning 5 bedroom plus home office, 6..."",""image"":""https://mmsmedia.vht.com/Media/Photography/DEGI/1698354/6f895cf4-3d8b-466a-9284-42192c81aac8.jpg?date=2024-10-08"",""floorSize"":[{""@type"":""QuantitativeValue"",""unitCode"":""FTK"",""value"":""4610""}],""name"":""199 CHRYSTIE ST, PH1"",""numberofBedrooms"":""6"",""numberofFullBathrooms"":""6"",""offers"":{""@type"":""Offer"",""businessFunction"":""https://purl.org/goodrelations/v1#Sell"",""availability"":""inStock"",""price"":""8250000"",""priceCurrency"":""USD"",""priceValidUntil"":""9999-12-31T23:59:59"",""validThrough"":""2026-10-29T20:47:24"",""name"":""199 CHRYSTIE ST, PH1"",""url"":""https://www.elliman.com/newyorkcity/sales/detail/527-l-551-17_22655471/199-chrystie-st-ph1-lower-east-side-new-york-ny-10002"",""itemOffered"":""https://www.elliman.com/newyorkcity/sales/detail/527-l-551-17_22655471/199-chrystie-st-ph1-lower-east-side-new-york-ny-10002"",""image"":""https://mmsmedia.vht.com/Media/Photography/DEGI/1698354/6f895cf4-3d8b-466a-9284-42192c81aac8.jpg?date=2024-10-08"",""offeredBy"":{""@type"":""Person"",""url"":""https://www.elliman.com"",""telephone"":""212.891.7000"",""name"":""East Side"",""email"":""arenna@elliman.com""},""seller"":{""@type"":""Organization"",""@id"":""527-b-551-551"",""name"":""Resource"",""logo"":""https://www.elliman.com/siteresources/commonresources/images/nophoto/de_website_holder_450x450.jpg"",""image"":""https://www.elliman.com/siteresources/commonresources/images/nophoto/de_website_holder_450x450.jpg"",""address"":{""@type"":""PostalAddress"",""streetAddress"":""575 Madison Ave"",""addressLocality"":""New York"",""addressRegion"":""New York"",""postalCode"":""10022"",""addressCountry"":""United States""},""telephone"":""212.891.7000""}},""address"":{""@type"":""PostalAddress"",""streetAddress"":""199 CHRYSTIE ST, PH1"",""addressLocality"":""New York"",""addressRegion"":""New York"",""postalCode"":""10002"",""addressCountry"":""United States""}}",Price Reduced
https://www.elliman.com/newyorkcity/sales/detail/527-l-551-17_23099030/66-clinton-st-ph-lower-east-side-new-york-ny-10002,https://img-de-v2.gtsstatic.net/reno/imagereader.aspx?idlisting=527-l-551-17_23099030&imageurl=https%3A%2F%2Fmmsmedia.vht.com%2FMedia%2FPhotography%2FDEGI%2F1803337%2F0a2e4df7-cb9d-4d11-bb30-9205c67bb5b7.jpg%3Fdate%3D2024-10-24&option=n&w=1024&fallbackimageurl=https%3A%2F%2Fstatic-ind-elliman-newyorkcity-production.gtsstatic.net%2Fresources%2Fsiteresources%2Fcommonresources%2Fimages%2Fnophoto%2Fde_website_holder_400x300.jpg,"of
				 9","66 CLINTON ST, PH",Lower East Side,10002,"$6,395,000",3,beds,3,baths,,,,"{""@context"":""https://schema.org"",""@type"":[""Residence"",""Accommodation"",""Product""],""brand"":{""@type"":""Brand"",""@id"":""#527-l-551-17_23099030"",""name"":""Resource""},""url"":""https://www.elliman.com/newyorkcity/sales/detail/527-l-551-17_23099030/66-clinton-st-ph-lower-east-side-new-york-ny-10002"",""containedInPlace"":{""@type"":""Place"",""url"":""https://www.elliman.com/newyorkcity/sales/detail/527-l-551-17_23099030/66-clinton-st-ph-lower-east-side-new-york-ny-10002"",""name"":""66 CLINTON ST, PH""},""description"":""Closings anticipated Q4 2024. Presenting the Penthouse residence at 66 Clinton: a thoughtfully designed 3 bedroom 3 bathroom home boasting 2,195 interior square feet delivered with an exceptional 1,018 square feet private terrace. A discerning blend of Tallitien's elegant design featuring custom-stained flat cut white oak solid..."",""image"":""https://mmsmedia.vht.com/Media/Photography/DEGI/1803337/0a2e4df7-cb9d-4d11-bb30-9205c67bb5b7.jpg?date=2024-10-24"",""floorSize"":[{""@type"":""QuantitativeValue"",""unitCode"":""FTK"",""value"":""2195""}],""name"":""66 CLINTON ST, PH"",""numberofBedrooms"":""3"",""numberofFullBathrooms"":""3"",""offers"":{""@type"":""Offer"",""businessFunction"":""https://purl.org/goodrelations/v1#Sell"",""availability"":""inStock"",""price"":""6395000"",""priceCurrency"":""USD"",""priceValidUntil"":""9999-12-31T23:59:59"",""validThrough"":""2026-10-29T20:47:24"",""name"":""66 CLINTON ST, PH"",""url"":""https://www.elliman.com/newyorkcity/sales/detail/527-l-551-17_23099030/66-clinton-st-ph-lower-east-side-new-york-ny-10002"",""itemOffered"":""https://www.elliman.com/newyorkcity/sales/detail/527-l-551-17_23099030/66-clinton-st-ph-lower-east-side-new-york-ny-10002"",""image"":""https://mmsmedia.vht.com/Media/Photography/DEGI/1803337/0a2e4df7-cb9d-4d11-bb30-9205c67bb5b7.jpg?date=2024-10-24"",""offeredBy"":{""@type"":""Person"",""url"":""https://www.elliman.com"",""telephone"":""212.891.7000"",""name"":""East Side"",""email"":""arenna@elliman.com""},""seller"":{""@type"":""Organization"",""@id"":""527-b-551-551"",""name"":""Resource"",""logo"":""https://www.elliman.com/siteresources/commonresources/images/nophoto/de_website_holder_450x450.jpg"",""image"":""https://www.elliman.com/siteresources/commonresources/images/nophoto/de_website_holder_450x450.jpg"",""address"":{""@type"":""PostalAddress"",""streetAddress"":""575 Madison Ave"",""addressLocality"":""New York"",""addressRegion"":""New York"",""postalCode"":""10022"",""addressCountry"":""United States""},""telephone"":""212.891.7000""}},""address"":{""@type"":""PostalAddress"",""streetAddress"":""66 CLINTON ST, PH"",""addressLocality"":""New York"",""addressRegion"":""New York"",""postalCode"":""10002"",""addressCountry"":""United States""}}",
https://www.elliman.com/newyorkcity/sales/detail/527-l-601-17_22154010/15-e-30th-st-52c-nomad-new-york-ny-10016,https://img-de-v2.gtsstatic.net/reno/imagereader.aspx?idlisting=527-l-601-17_22154010&imageurl=https%3A%2F%2Fmmsmedia.vht.com%2FMedia%2FPhotography%2FDEGI%2F1648982%2F7b32aea2-9153-4487-9e81-6a9afc879db3.jpg%3Fdate%3D2024-09-10&option=n&w=1024&fallbackimageurl=https%3A%2F%2Fstatic-ind-elliman-newyorkcity-production.gtsstatic.net%2Fresources%2Fsiteresources%2Fcommonresources%2Fimages%2Fnophoto%2Fde_website_holder_400x300.jpg,"of
				 25","Madison House, 15 E 30TH ST, 52C",NoMad,10016,"$5,500,000",2,beds,2,baths,1,Half Bath,,"{""@context"":""https://schema.org"",""@type"":[""Residence"",""Accommodation"",""Product""],""brand"":{""@type"":""Brand"",""@id"":""#527-l-601-17_22154010"",""name"":""Resource""},""url"":""https://www.elliman.com/newyorkcity/sales/detail/527-l-601-17_22154010/15-e-30th-st-52c-nomad-new-york-ny-10016"",""containedInPlace"":{""@type"":""Place"",""url"":""https://www.elliman.com/newyorkcity/sales/detail/527-l-601-17_22154010/15-e-30th-st-52c-nomad-new-york-ny-10016"",""name"":""Madison House, 15 E 30TH ST, 52C""},""description"":""IMMEDIATE OCCUPANCY This 1,788 square foot two-bedroom, two and a half-bath residence opens into an elegant entry foyer, leading to a living and dining room encased with 10-foot tall windows with South and West views. Gachot-designed custom rift-cut cabinetry accentuates the open kitchen, with a honed Calacatta Borghini marble..."",""image"":""https://mmsmedia.vht.com/Media/Photography/DEGI/1648982/7b32aea2-9153-4487-9e81-6a9afc879db3.jpg?date=2024-09-10"",""floorSize"":[{""@type"":""QuantitativeValue"",""unitCode"":""FTK"",""value"":""1788""}],""name"":""Madison House, 15 E 30TH ST, 52C"",""numberofBedrooms"":""2"",""numberofFullBathrooms"":""2"",""numberofPartialBathrooms"":""1"",""offers"":{""@type"":""Offer"",""businessFunction"":""https://purl.org/goodrelations/v1#Sell"",""availability"":""inStock"",""price"":""5500000"",""priceCurrency"":""USD"",""priceValidUntil"":""9999-12-31T23:59:59"",""validThrough"":""2026-10-29T20:47:24"",""name"":""Madison House, 15 E 30TH ST, 52C"",""url"":""https://www.elliman.com/newyorkcity/sales/detail/527-l-601-17_22154010/15-e-30th-st-52c-nomad-new-york-ny-10016"",""itemOffered"":""https://www.elliman.com/newyorkcity/sales/detail/527-l-601-17_22154010/15-e-30th-st-52c-nomad-new-york-ny-10016"",""image"":""https://mmsmedia.vht.com/Media/Photography/DEGI/1648982/7b32aea2-9153-4487-9e81-6a9afc879db3.jpg?date=2024-09-10"",""offeredBy"":{""@type"":""Person"",""url"":""https://www.elliman.com"",""telephone"":""212.965.6000"",""name"":""Downtown"",""email"":""AHill@elliman.com""},""seller"":{""@type"":""Organization"",""@id"":""527-b-531-531"",""name"":""Resource"",""logo"":""https://www.elliman.com/siteresources/commonresources/images/nophoto/de_website_holder_450x450.jpg"",""image"":""https://www.elliman.com/siteresources/commonresources/images/nophoto/de_website_holder_450x450.jpg"",""address"":{""@type"":""PostalAddress"",""streetAddress"":""140 Franklin St"",""addressLocality"":""New York"",""addressRegion"":""New York"",""postalCode"":""10013"",""addressCountry"":""United States""},""telephone"":""212.965.6000""}},""address"":{""@type"":""PostalAddress"",""streetAddress"":""Madison House, 15 E 30TH ST, 52C"",""addressLocality"":""New York"",""addressRegion"":""New York"",""postalCode"":""10016"",""addressCountry"":""United States""}}",
https://www.elliman.com/newyorkcity/sales/detail/527-l-601-17_22381438/15-e-30th-st-51b-nomad-new-york-ny-10016,https://img-de-v2.gtsstatic.net/reno/imagereader.aspx?idlisting=527-l-601-17_22381438&imageurl=https%3A%2F%2Fmmsmedia.vht.com%2FMedia%2FPhotography%2FDEGI%2F1636729%2Ff4459acc-451a-41c2-8768-84ca74acce5b.jpg%3Fdate%3D2024-09-10&option=n&w=1024&fallbackimageurl=https%3A%2F%2Fstatic-ind-elliman-newyorkcity-production.gtsstatic.net%2Fresources%2Fsiteresources%2Fcommonresources%2Fimages%2Fnophoto%2Fde_website_holder_400x300.jpg,"of
				 22","Madison House, 15 E 30TH ST, 51B",NoMad,10016,"$5,300,000",2,beds,2,baths,1,Half Bath,,"{""@context"":""https://schema.org"",""@type"":[""Residence"",""Accommodation"",""Product""],""brand"":{""@type"":""Brand"",""@id"":""#527-l-601-17_22381438"",""name"":""Resource""},""url"":""https://www.elliman.com/newyorkcity/sales/detail/527-l-601-17_22381438/15-e-30th-st-51b-nomad-new-york-ny-10016"",""containedInPlace"":{""@type"":""Place"",""url"":""https://www.elliman.com/newyorkcity/sales/detail/527-l-601-17_22381438/15-e-30th-st-51b-nomad-new-york-ny-10016"",""name"":""Madison House, 15 E 30TH ST, 51B""},""description"":""IMMEDIATE OCCUPANCY This 1,541 square foot two-bedroom, two and a half-bath residence featuring 14-foot 6-inch ceiling heights opens into an elegant entry foyer, leading to a living and dining room encased with 10-foot tall windows with North and East views. Gachot-designed custom rift-cut cabinetry accentuates the open kitchen,..."",""image"":""https://mmsmedia.vht.com/Media/Photography/DEGI/1636729/f4459acc-451a-41c2-8768-84ca74acce5b.jpg?date=2024-09-10"",""floorSize"":[{""@type"":""QuantitativeValue"",""unitCode"":""FTK"",""value"":""1541""}],""name"":""Madison House, 15 E 30TH ST, 51B"",""numberofBedrooms"":""2"",""numberofFullBathrooms"":""2"",""numberofPartialBathrooms"":""1"",""offers"":{""@type"":""Offer"",""businessFunction"":""https://purl.org/goodrelations/v1#Sell"",""availability"":""inStock"",""price"":""5300000"",""priceCurrency"":""USD"",""priceValidUntil"":""9999-12-31T23:59:59"",""validThrough"":""2026-10-29T20:47:24"",""name"":""Madison House, 15 E 30TH ST, 51B"",""url"":""https://www.elliman.com/newyorkcity/sales/detail/527-l-601-17_22381438/15-e-30th-st-51b-nomad-new-york-ny-10016"",""itemOffered"":""https://www.elliman.com/newyorkcity/sales/detail/527-l-601-17_22381438/15-e-30th-st-51b-nomad-new-york-ny-10016"",""image"":""https://mmsmedia.vht.com/Media/Photography/DEGI/1636729/f4459acc-451a-41c2-8768-84ca74acce5b.jpg?date=2024-09-10"",""offeredBy"":{""@type"":""Person"",""url"":""https://www.elliman.com"",""telephone"":""212.965.6000"",""name"":""Downtown"",""email"":""AHill@elliman.com""},""seller"":{""@type"":""Organization"",""@id"":""527-b-531-531"",""name"":""Resource"",""logo"":""https://www.elliman.com/siteresources/commonresources/images/nophoto/de_website_holder_450x450.jpg"",""image"":""https://www.elliman.com/siteresources/commonresources/images/nophoto/de_website_holder_450x450.jpg"",""address"":{""@type"":""PostalAddress"",""streetAddress"":""140 Franklin St"",""addressLocality"":""New York"",""addressRegion"":""New York"",""postalCode"":""10013"",""addressCountry"":""United States""},""telephone"":""212.965.6000""}},""address"":{""@type"":""PostalAddress"",""streetAddress"":""Madison House, 15 E 30TH ST, 51B"",""addressLocality"":""New York"",""addressRegion"":""New York"",""postalCode"":""10016"",""addressCountry"":""United States""}}",
https://www.elliman.com/newyorkcity/sales/detail/527-l-531-17_22988091/15-e-30th-st-46e-nomad-new-york-ny-10016,https://img-de-v2.gtsstatic.net/reno/imagereader.aspx?idlisting=527-l-531-17_22988091&imageurl=https%3A%2F%2Fmmsmedia.vht.com%2FMedia%2FPhotography%2FDEGI%2F1797596%2Fe3eb805f-8ab5-438c-9f4f-295c7559da20.jpg%3Fdate%3D2024-09-10&option=n&w=1024&fallbackimageurl=https%3A%2F%2Fstatic-ind-elliman-newyorkcity-production.gtsstatic.net%2Fresources%2Fsiteresources%2Fcommonresources%2Fimages%2Fnophoto%2Fde_website_holder_400x300.jpg,"of
				 10","Madison House, 15 E 30TH ST, 46E",NoMad,10016,"$4,900,000",2,beds,2,baths,1,Half Bath,,"{""@context"":""https://schema.org"",""@type"":[""Residence"",""Accommodation"",""Product""],""brand"":{""@type"":""Brand"",""@id"":""#527-l-531-17_22988091"",""name"":""Resource""},""url"":""https://www.elliman.com/newyorkcity/sales/detail/527-l-531-17_22988091/15-e-30th-st-46e-nomad-new-york-ny-10016"",""containedInPlace"":{""@type"":""Place"",""url"":""https://www.elliman.com/newyorkcity/sales/detail/527-l-531-17_22988091/15-e-30th-st-46e-nomad-new-york-ny-10016"",""name"":""Madison House, 15 E 30TH ST, 46E""},""description"":""This 1,402 square foot two-bedroom, two and a half-bath residence opens into an elegant entry foyer, leading to a living and dining room encased with 10-foot tall windows with South and West views. Gachot-designed custom rift-cut cabinetry accentuates the open kitchen, with a honed Calacatta Borghini marble waterfall island and..."",""image"":""https://mmsmedia.vht.com/Media/Photography/DEGI/1797596/e3eb805f-8ab5-438c-9f4f-295c7559da20.jpg?date=2024-09-10"",""floorSize"":[{""@type"":""QuantitativeValue"",""unitCode"":""FTK"",""value"":""1402""}],""name"":""Madison House, 15 E 30TH ST, 46E"",""numberofBedrooms"":""2"",""numberofFullBathrooms"":""2"",""numberofPartialBathrooms"":""1"",""offers"":{""@type"":""Offer"",""businessFunction"":""https://purl.org/goodrelations/v1#Sell"",""availability"":""inStock"",""price"":""4900000"",""priceCurrency"":""USD"",""priceValidUntil"":""9999-12-31T23:59:59"",""validThrough"":""2026-10-29T20:47:24"",""name"":""Madison House, 15 E 30TH ST, 46E"",""url"":""https://www.elliman.com/newyorkcity/sales/detail/527-l-531-17_22988091/15-e-30th-st-46e-nomad-new-york-ny-10016"",""itemOffered"":""https://www.elliman.com/newyorkcity/sales/detail/527-l-531-17_22988091/15-e-30th-st-46e-nomad-new-york-ny-10016"",""image"":""https://mmsmedia.vht.com/Media/Photography/DEGI/1797596/e3eb805f-8ab5-438c-9f4f-295c7559da20.jpg?date=2024-09-10"",""offeredBy"":{""@type"":""Person"",""url"":""https://www.elliman.com"",""telephone"":""212.965.6000"",""name"":""Downtown"",""email"":""AHill@elliman.com""},""seller"":{""@type"":""Organization"",""@id"":""527-b-531-531"",""name"":""Resource"",""logo"":""https://www.elliman.com/siteresources/commonresources/images/nophoto/de_website_holder_450x450.jpg"",""image"":""https://www.elliman.com/siteresources/commonresources/images/nophoto/de_website_holder_450x450.jpg"",""address"":{""@type"":""PostalAddress"",""streetAddress"":""140 Franklin St"",""addressLocality"":""New York"",""addressRegion"":""New York"",""postalCode"":""10013"",""addressCountry"":""United States""},""telephone"":""212.965.6000""}},""address"":{""@type"":""PostalAddress"",""streetAddress"":""Madison House, 15 E 30TH ST, 46E"",""addressLocality"":""New York"",""addressRegion"":""New York"",""postalCode"":""10016"",""addressCountry"":""United States""}}",
https://www.elliman.com/newyorkcity/sales/detail/527-l-551-17_22456441/199-chrystie-st-4n-lower-east-side-new-york-ny-10002,https://img-de-v2.gtsstatic.net/reno/imagereader.aspx?idlisting=527-l-551-17_22456441&imageurl=https%3A%2F%2Fmmsmedia.vht.com%2FMedia%2FPhotography%2FDEGI%2F1645565%2F88aa5114-ba1f-4e50-8bba-61aef95c2454.jpg%3Fdate%3D2024-08-22&option=n&w=1024&fallbackimageurl=https%3A%2F%2Fstatic-ind-elliman-newyorkcity-production.gtsstatic.net%2Fresources%2Fsiteresources%2Fcommonresources%2Fimages%2Fnophoto%2Fde_website_holder_400x300.jpg,"of
				 16","199 CHRYSTIE ST, 4N",Lower East Side,10002,"$3,995,000",3,beds,3,baths,1,Half Bath,,"{""@context"":""https://schema.org"",""@type"":[""Residence"",""Accommodation"",""Product""],""brand"":{""@type"":""Brand"",""@id"":""#527-l-551-17_22456441"",""name"":""Resource""},""url"":""https://www.elliman.com/newyorkcity/sales/detail/527-l-551-17_22456441/199-chrystie-st-4n-lower-east-side-new-york-ny-10002"",""containedInPlace"":{""@type"":""Place"",""url"":""https://www.elliman.com/newyorkcity/sales/detail/527-l-551-17_22456441/199-chrystie-st-4n-lower-east-side-new-york-ny-10002"",""name"":""199 CHRYSTIE ST, 4N""},""description"":""Immediate Occupancy! Designed by world-renowned architect, Thomas Juul-Hansen, 199 Chrystie Street presents 14 beautifully crafted interlocking villas that evokes striking architectural design yet remains refined through the timeless interiors. At 2,405 square feet, residence 4N is a stunning 3 bedroom, 3.5 bathroom duplex home..."",""image"":""https://mmsmedia.vht.com/Media/Photography/DEGI/1645565/88aa5114-ba1f-4e50-8bba-61aef95c2454.jpg?date=2024-08-22"",""floorSize"":[{""@type"":""QuantitativeValue"",""unitCode"":""FTK"",""value"":""2405""}],""name"":""199 CHRYSTIE ST, 4N"",""numberofBedrooms"":""3"",""numberofFullBathrooms"":""3"",""numberofPartialBathrooms"":""1"",""offers"":{""@type"":""Offer"",""businessFunction"":""https://purl.org/goodrelations/v1#Sell"",""availability"":""inStock"",""price"":""3995000"",""priceCurrency"":""USD"",""priceValidUntil"":""9999-12-31T23:59:59"",""validThrough"":""2026-10-29T20:47:24"",""name"":""199 CHRYSTIE ST, 4N"",""url"":""https://www.elliman.com/newyorkcity/sales/detail/527-l-551-17_22456441/199-chrystie-st-4n-lower-east-side-new-york-ny-10002"",""itemOffered"":""https://www.elliman.com/newyorkcity/sales/detail/527-l-551-17_22456441/199-chrystie-st-4n-lower-east-side-new-york-ny-10002"",""image"":""https://mmsmedia.vht.com/Media/Photography/DEGI/1645565/88aa5114-ba1f-4e50-8bba-61aef95c2454.jpg?date=2024-08-22"",""offeredBy"":{""@type"":""Person"",""url"":""https://www.elliman.com"",""telephone"":""212.891.7000"",""name"":""East Side"",""email"":""arenna@elliman.com""},""seller"":{""@type"":""Organization"",""@id"":""527-b-551-551"",""name"":""Resource"",""logo"":""https://www.elliman.com/siteresources/commonresources/images/nophoto/de_website_holder_450x450.jpg"",""image"":""https://www.elliman.com/siteresources/commonresources/images/nophoto/de_website_holder_450x450.jpg"",""address"":{""@type"":""PostalAddress"",""streetAddress"":""575 Madison Ave"",""addressLocality"":""New York"",""addressRegion"":""New York"",""postalCode"":""10022"",""addressCountry"":""United States""},""telephone"":""212.891.7000""}},""address"":{""@type"":""PostalAddress"",""streetAddress"":""199 CHRYSTIE ST, 4N"",""addressLocality"":""New York"",""addressRegion"":""New York"",""postalCode"":""10002"",""addressCountry"":""United States""}}",Contract Signed
https://www.elliman.com/newyorkcity/sales/detail/527-l-531-17_23146118/15-e-30th-st-28b-nomad-new-york-ny-10016,https://img-de-v2.gtsstatic.net/reno/imagereader.aspx?idlisting=527-l-531-17_23146118&imageurl=https%3A%2F%2Fmmsmedia.vht.com%2FMedia%2FPhotography%2FDEGI%2F1823202%2Fd788dd28-06b0-48eb-ad1e-4b1209bf1dbe.jpg%3Fdate%3D2024-10-28&option=n&w=1024&fallbackimageurl=https%3A%2F%2Fstatic-ind-elliman-newyorkcity-production.gtsstatic.net%2Fresources%2Fsiteresources%2Fcommonresources%2Fimages%2Fnophoto%2Fde_website_holder_400x300.jpg,"of
				 17","Madison House, 15 E 30TH ST, 28B",NoMad,10016,"$3,495,000",2,beds,2,baths,,,,"{""@context"":""https://schema.org"",""@type"":[""Residence"",""Accommodation"",""Product""],""brand"":{""@type"":""Brand"",""@id"":""#527-l-531-17_23146118"",""name"":""Resource""},""url"":""https://www.elliman.com/newyorkcity/sales/detail/527-l-531-17_23146118/15-e-30th-st-28b-nomad-new-york-ny-10016"",""containedInPlace"":{""@type"":""Place"",""url"":""https://www.elliman.com/newyorkcity/sales/detail/527-l-531-17_23146118/15-e-30th-st-28b-nomad-new-york-ny-10016"",""name"":""Madison House, 15 E 30TH ST, 28B""},""description"":""In the heart of stylish NoMad, Madison House offers unsurpassed panoramic views of New York City, where every residence has a corner window and 11-foot ceilings or higher. With architecture by Handel and interiors by Gachot, these homes start 150 feet in the air and soar to over 800 feet. Extraordinary views are forever in..."",""image"":""https://mmsmedia.vht.com/Media/Photography/DEGI/1823202/d788dd28-06b0-48eb-ad1e-4b1209bf1dbe.jpg?date=2024-10-28"",""floorSize"":[{""@type"":""QuantitativeValue"",""unitCode"":""FTK"",""value"":""1277""}],""name"":""Madison House, 15 E 30TH ST, 28B"",""numberofBedrooms"":""2"",""numberofFullBathrooms"":""2"",""offers"":{""@type"":""Offer"",""businessFunction"":""https://purl.org/goodrelations/v1#Sell"",""availability"":""inStock"",""price"":""3495000"",""priceCurrency"":""USD"",""priceValidUntil"":""9999-12-31T23:59:59"",""validThrough"":""2026-10-29T20:47:24"",""name"":""Madison House, 15 E 30TH ST, 28B"",""url"":""https://www.elliman.com/newyorkcity/sales/detail/527-l-531-17_23146118/15-e-30th-st-28b-nomad-new-york-ny-10016"",""itemOffered"":""https://www.elliman.com/newyorkcity/sales/detail/527-l-531-17_23146118/15-e-30th-st-28b-nomad-new-york-ny-10016"",""image"":""https://mmsmedia.vht.com/Media/Photography/DEGI/1823202/d788dd28-06b0-48eb-ad1e-4b1209bf1dbe.jpg?date=2024-10-28"",""offeredBy"":{""@type"":""Person"",""url"":""https://www.elliman.com"",""telephone"":""212.965.6000"",""name"":""Downtown"",""email"":""AHill@elliman.com""},""seller"":{""@type"":""Organization"",""@id"":""527-b-531-531"",""name"":""Resource"",""logo"":""https://www.elliman.com/siteresources/commonresources/images/nophoto/de_website_holder_450x450.jpg"",""image"":""https://www.elliman.com/siteresources/commonresources/images/nophoto/de_website_holder_450x450.jpg"",""address"":{""@type"":""PostalAddress"",""streetAddress"":""140 Franklin St"",""addressLocality"":""New York"",""addressRegion"":""New York"",""postalCode"":""10013"",""addressCountry"":""United States""},""telephone"":""212.965.6000""}},""address"":{""@type"":""PostalAddress"",""streetAddress"":""Madison House, 15 E 30TH ST, 28B"",""addressLocality"":""New York"",""addressRegion"":""New York"",""postalCode"":""10016"",""addressCountry"":""United States""}}",
https://www.elliman.com/newyorkcity/sales/detail/527-l-531-17_23133407/5-beekman-st-45b-financial-district-new-york-ny-10038,https://img-de-v2.gtsstatic.net/reno/imagereader.aspx?idlisting=527-l-531-17_23133407&imageurl=https%3A%2F%2Fmmsmedia.vht.com%2FMedia%2FPhotography%2FDEGI%2F1820983%2F1ec66f4c-7530-4877-b615-1d3a3ee65bb7.jpg%3Fdate%3D2024-10-10&option=n&w=1024&fallbackimageurl=https%3A%2F%2Fstatic-ind-elliman-newyorkcity-production.gtsstatic.net%2Fresources%2Fsiteresources%2Fcommonresources%2Fimages%2Fnophoto%2Fde_website_holder_400x300.jpg,"of
				 25","The Beekman, 5 BEEKMAN ST, 45B",Financial District,10038,"$3,350,000",2,beds,2,baths,1,Half Bath,,"{""@context"":""https://schema.org"",""@type"":[""Residence"",""Accommodation"",""Product""],""brand"":{""@type"":""Brand"",""@id"":""#527-l-531-17_23133407"",""name"":""Resource""},""url"":""https://www.elliman.com/newyorkcity/sales/detail/527-l-531-17_23133407/5-beekman-st-45b-financial-district-new-york-ny-10038"",""containedInPlace"":{""@type"":""Place"",""url"":""https://www.elliman.com/newyorkcity/sales/detail/527-l-531-17_23133407/5-beekman-st-45b-financial-district-new-york-ny-10038"",""name"":""The Beekman, 5 BEEKMAN ST, 45B""},""description"":""Experience luxury living in this exquisite 2-bedroom, 2.5-bathroom home designed by renowned architect Thomas Juul-Hansen. Located at the renowned 5 Beekman Street, this residence offers breathtaking panoramic views of the East River, Brooklyn Bridge, PROTECTED NORTHERN VIEWS of City Hall Park, and the iconic city skyline. As..."",""image"":""https://mmsmedia.vht.com/Media/Photography/DEGI/1820983/1ec66f4c-7530-4877-b615-1d3a3ee65bb7.jpg?date=2024-10-10"",""floorSize"":[{""@type"":""QuantitativeValue"",""unitCode"":""FTK"",""value"":""1572""}],""name"":""The Beekman, 5 BEEKMAN ST, 45B"",""numberofBedrooms"":""2"",""numberofFullBathrooms"":""2"",""numberofPartialBathrooms"":""1"",""offers"":{""@type"":""Offer"",""businessFunction"":""https://purl.org/goodrelations/v1#Sell"",""availability"":""inStock"",""price"":""3350000"",""priceCurrency"":""USD"",""priceValidUntil"":""9999-12-31T23:59:59"",""validThrough"":""2026-10-29T20:48:39"",""name"":""The Beekman, 5 BEEKMAN ST, 45B"",""url"":""https://www.elliman.com/newyorkcity/sales/detail/527-l-531-17_23133407/5-beekman-st-45b-financial-district-new-york-ny-10038"",""itemOffered"":""https://www.elliman.com/newyorkcity/sales/detail/527-l-531-17_23133407/5-beekman-st-45b-financial-district-new-york-ny-10038"",""image"":""https://mmsmedia.vht.com/Media/Photography/DEGI/1820983/1ec66f4c-7530-4877-b615-1d3a3ee65bb7.jpg?date=2024-10-10"",""offeredBy"":{""@type"":""Person"",""url"":""https://www.elliman.com"",""telephone"":""212.965.6000"",""name"":""Downtown"",""email"":""AHill@elliman.com""},""seller"":{""@type"":""Organization"",""@id"":""527-b-531-531"",""name"":""Resource"",""logo"":""https://www.elliman.com/siteresources/commonresources/images/nophoto/de_website_holder_450x450.jpg"",""image"":""https://www.elliman.com/siteresources/commonresources/images/nophoto/de_website_holder_450x450.jpg"",""address"":{""@type"":""PostalAddress"",""streetAddress"":""140 Franklin St"",""addressLocality"":""New York"",""addressRegion"":""New York"",""postalCode"":""10013"",""addressCountry"":""United States""},""telephone"":""212.965.6000""}},""address"":{""@type"":""PostalAddress"",""streetAddress"":""The Beekman, 5 BEEKMAN ST, 45B"",""addressLocality"":""New York"",""addressRegion"":""New York"",""postalCode"":""10038"",""addressCountry"":""United States""}}",
https://www.elliman.com/newyorkcity/sales/detail/527-l-551-17_22941915/254-park-ave-s-php-flatiron-district-new-york-ny-10010,https://img-de-v2.gtsstatic.net/reno/imagereader.aspx?imageurl=https%3A%2F%2Fmmsmedia.vht.com%2FMedia%2FPhotography%2FDEGI%2F1767081%2F64f8faed-b7e6-4525-a25d-c16401da85b5.jpg%3Fdate%3D2024-08-27&option=N&idlisting=527-l-551-17_22941915&w=1024&fallbackimageurl=https%3A%2F%2Fstatic-ind-elliman-newyorkcity-production.gtsstatic.net%2Fresources%2Fsiteresources%2Fcommonresources%2Fimages%2Fnophoto%2Fde_website_holder_1600x600.jpg,"of
				 13","254 PARK AVE S, PHP",Flatiron District,10010,"$2,750,000",2,beds,2,baths,,,,"{""@context"":""https://schema.org"",""@type"":[""Residence"",""Accommodation"",""Product""],""brand"":{""@type"":""Brand"",""@id"":""#527-l-551-17_22941915"",""name"":""Resource""},""url"":""https://www.elliman.com/newyorkcity/sales/detail/527-l-551-17_22941915/254-park-ave-s-php-flatiron-district-new-york-ny-10010"",""containedInPlace"":{""@type"":""Place"",""url"":""https://www.elliman.com/newyorkcity/sales/detail/527-l-551-17_22941915/254-park-ave-s-php-flatiron-district-new-york-ny-10010"",""name"":""254 PARK AVE S, PHP""},""description"":""The Final Remaining Sponsor Residence. Welcome home to residence PHP: 1,673 SF split 2BR/2BATH Penthouse complete with a home office and an impressive 550 SF private roof deck. Upon entering PHP, bask in the European style indoor/outdoor windows with soaring ceilings. Dark stained hardwood floors and cabinetry expertly elevate..."",""image"":""https://mmsmedia.vht.com/Media/Photography/DEGI/1767081/64f8faed-b7e6-4525-a25d-c16401da85b5.jpg?date=2024-08-27"",""floorSize"":[{""@type"":""QuantitativeValue"",""unitCode"":""FTK"",""value"":""1673""}],""name"":""254 PARK AVE S, PHP"",""numberofBedrooms"":""2"",""numberofFullBathrooms"":""2"",""offers"":{""@type"":""Offer"",""businessFunction"":""https://purl.org/goodrelations/v1#Sell"",""availability"":""inStock"",""price"":""2750000"",""priceCurrency"":""USD"",""priceValidUntil"":""9999-12-31T23:59:59"",""validThrough"":""2026-10-29T20:48:39"",""name"":""254 PARK AVE S, PHP"",""url"":""https://www.elliman.com/newyorkcity/sales/detail/527-l-551-17_22941915/254-park-ave-s-php-flatiron-district-new-york-ny-10010"",""itemOffered"":""https://www.elliman.com/newyorkcity/sales/detail/527-l-551-17_22941915/254-park-ave-s-php-flatiron-district-new-york-ny-10010"",""image"":""https://mmsmedia.vht.com/Media/Photography/DEGI/1767081/64f8faed-b7e6-4525-a25d-c16401da85b5.jpg?date=2024-08-27"",""offeredBy"":{""@type"":""Person"",""url"":""https://www.elliman.com"",""telephone"":""212.891.7000"",""name"":""East Side"",""email"":""arenna@elliman.com""},""seller"":{""@type"":""Organization"",""@id"":""527-b-551-551"",""name"":""Resource"",""logo"":""https://www.elliman.com/siteresources/commonresources/images/nophoto/de_website_holder_450x450.jpg"",""image"":""https://www.elliman.com/siteresources/commonresources/images/nophoto/de_website_holder_450x450.jpg"",""address"":{""@type"":""PostalAddress"",""streetAddress"":""575 Madison Ave"",""addressLocality"":""New York"",""addressRegion"":""New York"",""postalCode"":""10022"",""addressCountry"":""United States""},""telephone"":""212.891.7000""}},""address"":{""@type"":""PostalAddress"",""streetAddress"":""254 PARK AVE S, PHP"",""addressLocality"":""New York"",""addressRegion"":""New York"",""postalCode"":""10010"",""addressCountry"":""United States""}}",
https://www.elliman.com/newyorkcity/sales/detail/527-l-551-17_22902766/66-clinton-st-3a-lower-east-side-new-york-ny-10002,https://img-de-v2.gtsstatic.net/reno/imagereader.aspx?imageurl=https%3A%2F%2Fmmsmedia.vht.com%2FMedia%2FPhotography%2FDEGI%2F1754667%2Fcbed3f0d-eb92-416a-a327-32949e519499.jpg%3Fdate%3D2024-10-24&option=N&idlisting=527-l-551-17_22902766&w=1024&fallbackimageurl=https%3A%2F%2Fstatic-ind-elliman-newyorkcity-production.gtsstatic.net%2Fresources%2Fsiteresources%2Fcommonresources%2Fimages%2Fnophoto%2Fde_website_holder_1600x600.jpg,"of
				 15","66 CLINTON ST, 3A",Lower East Side,10002,"$2,495,000",2,beds,2,baths,1,Half Bath,,"{""@context"":""https://schema.org"",""@type"":[""Residence"",""Accommodation"",""Product""],""brand"":{""@type"":""Brand"",""@id"":""#527-l-551-17_22902766"",""name"":""Resource""},""url"":""https://www.elliman.com/newyorkcity/sales/detail/527-l-551-17_22902766/66-clinton-st-3a-lower-east-side-new-york-ny-10002"",""containedInPlace"":{""@type"":""Place"",""url"":""https://www.elliman.com/newyorkcity/sales/detail/527-l-551-17_22902766/66-clinton-st-3a-lower-east-side-new-york-ny-10002"",""name"":""66 CLINTON ST, 3A""},""description"":""Presenting residence 3A: a 1,345 SF 2 bedroom/ 2 and a half bathroom residence designed by TalliTien. This residence features custom-stained flat cut white oak solid wood entry doors, cerused white oak hardwood floors with an HVAC heating and cooling system, and a Bosch Axxis Washer/Dryer Combination. This residence features..."",""image"":""https://mmsmedia.vht.com/Media/Photography/DEGI/1754667/cbed3f0d-eb92-416a-a327-32949e519499.jpg?date=2024-10-24"",""floorSize"":[{""@type"":""QuantitativeValue"",""unitCode"":""FTK"",""value"":""1345""}],""name"":""66 CLINTON ST, 3A"",""numberofBedrooms"":""2"",""numberofFullBathrooms"":""2"",""numberofPartialBathrooms"":""1"",""offers"":{""@type"":""Offer"",""businessFunction"":""https://purl.org/goodrelations/v1#Sell"",""availability"":""inStock"",""price"":""2495000"",""priceCurrency"":""USD"",""priceValidUntil"":""9999-12-31T23:59:59"",""validThrough"":""2026-10-29T20:48:39"",""name"":""66 CLINTON ST, 3A"",""url"":""https://www.elliman.com/newyorkcity/sales/detail/527-l-551-17_22902766/66-clinton-st-3a-lower-east-side-new-york-ny-10002"",""itemOffered"":""https://www.elliman.com/newyorkcity/sales/detail/527-l-551-17_22902766/66-clinton-st-3a-lower-east-side-new-york-ny-10002"",""image"":""https://mmsmedia.vht.com/Media/Photography/DEGI/1754667/cbed3f0d-eb92-416a-a327-32949e519499.jpg?date=2024-10-24"",""offeredBy"":{""@type"":""Person"",""url"":""https://www.elliman.com"",""telephone"":""212.891.7000"",""name"":""East Side"",""email"":""arenna@elliman.com""},""seller"":{""@type"":""Organization"",""@id"":""527-b-551-551"",""name"":""Resource"",""logo"":""https://www.elliman.com/siteresources/commonresources/images/nophoto/de_website_holder_450x450.jpg"",""image"":""https://www.elliman.com/siteresources/commonresources/images/nophoto/de_website_holder_450x450.jpg"",""address"":{""@type"":""PostalAddress"",""streetAddress"":""575 Madison Ave"",""addressLocality"":""New York"",""addressRegion"":""New York"",""postalCode"":""10022"",""addressCountry"":""United States""},""telephone"":""212.891.7000""}},""address"":{""@type"":""PostalAddress"",""streetAddress"":""66 CLINTON ST, 3A"",""addressLocality"":""New York"",""addressRegion"":""New York"",""postalCode"":""10002"",""addressCountry"":""United States""}}",
https://www.elliman.com/newyorkcity/sales/detail/527-l-803-17_23114661/11-e-29th-st-35c-nomad-new-york-ny-10016,https://img-de-v2.gtsstatic.net/reno/imagereader.aspx?imageurl=https%3A%2F%2Fmmsmedia.vht.com%2FMedia%2FPhotography%2FDEGI%2F1805959%2F32206590-b6d2-4c24-a23b-9a8bf315579c.jpg%3Fdate%3D2024-10-19&option=N&idlisting=527-l-803-17_23114661&w=1024&fallbackimageurl=https%3A%2F%2Fstatic-ind-elliman-newyorkcity-production.gtsstatic.net%2Fresources%2Fsiteresources%2Fcommonresources%2Fimages%2Fnophoto%2Fde_website_holder_1600x600.jpg,"of
				 20","Sky House Condo, 11 E 29TH ST, 35C",NoMad,10016,"$1,595,000",1,bed,1,bath,1,Half Bath,,"{""@context"":""https://schema.org"",""@type"":[""Residence"",""Accommodation"",""Product""],""brand"":{""@type"":""Brand"",""@id"":""#527-l-803-17_23114661"",""name"":""Resource""},""url"":""https://www.elliman.com/newyorkcity/sales/detail/527-l-803-17_23114661/11-e-29th-st-35c-nomad-new-york-ny-10016"",""containedInPlace"":{""@type"":""Place"",""url"":""https://www.elliman.com/newyorkcity/sales/detail/527-l-803-17_23114661/11-e-29th-st-35c-nomad-new-york-ny-10016"",""name"":""Sky House Condo, 11 E 29TH ST, 35C""},""description"":""Experience breathtaking views from this 35th floor unit at Sky House, nestled in a full-service building offering exclusivity with just three units per floor. This sunlit apartment features dramatic Northern, Eastern, and Western exposures through oversized windows, showcasing iconic landmarks such as the Empire State Building..."",""image"":""https://mmsmedia.vht.com/Media/Photography/DEGI/1805959/32206590-b6d2-4c24-a23b-9a8bf315579c.jpg?date=2024-10-19"",""floorSize"":[{""@type"":""QuantitativeValue"",""unitCode"":""FTK"",""value"":""991""}],""name"":""Sky House Condo, 11 E 29TH ST, 35C"",""numberofBedrooms"":""1"",""numberofFullBathrooms"":""1"",""numberofPartialBathrooms"":""1"",""offers"":{""@type"":""Offer"",""businessFunction"":""https://purl.org/goodrelations/v1#Sell"",""availability"":""inStock"",""price"":""1595000"",""priceCurrency"":""USD"",""priceValidUntil"":""9999-12-31T23:59:59"",""validThrough"":""2026-10-29T20:48:39"",""name"":""Sky House Condo, 11 E 29TH ST, 35C"",""url"":""https://www.elliman.com/newyorkcity/sales/detail/527-l-803-17_23114661/11-e-29th-st-35c-nomad-new-york-ny-10016"",""itemOffered"":""https://www.elliman.com/newyorkcity/sales/detail/527-l-803-17_23114661/11-e-29th-st-35c-nomad-new-york-ny-10016"",""image"":""https://mmsmedia.vht.com/Media/Photography/DEGI/1805959/32206590-b6d2-4c24-a23b-9a8bf315579c.jpg?date=2024-10-19"",""offeredBy"":{""@type"":""Person"",""url"":""https://www.elliman.com"",""telephone"":""212.965.6000"",""name"":""Downtown"",""email"":""AHill@elliman.com""},""seller"":{""@type"":""Organization"",""@id"":""527-b-531-531"",""name"":""Resource"",""logo"":""https://www.elliman.com/siteresources/commonresources/images/nophoto/de_website_holder_450x450.jpg"",""image"":""https://www.elliman.com/siteresources/commonresources/images/nophoto/de_website_holder_450x450.jpg"",""address"":{""@type"":""PostalAddress"",""streetAddress"":""140 Franklin St"",""addressLocality"":""New York"",""addressRegion"":""New York"",""postalCode"":""10013"",""addressCountry"":""United States""},""telephone"":""212.965.6000""}},""address"":{""@type"":""PostalAddress"",""streetAddress"":""Sky House Condo, 11 E 29TH ST, 35C"",""addressLocality"":""New York"",""addressRegion"":""New York"",""postalCode"":""10016"",""addressCountry"":""United States""}}",
https://www.elliman.com/newyorkcity/sales/detail/527-l-803-17_23107559/66-clinton-st-4b-lower-east-side-new-york-ny-10002,https://img-de-v2.gtsstatic.net/reno/imagereader.aspx?imageurl=https%3A%2F%2Fmmsmedia.vht.com%2FMedia%2FPhotography%2FDEGI%2F1804707%2Fbd29c1c3-62c5-4dcf-91ec-e38e78477054.jpg%3Fdate%3D2024-10-24&option=N&idlisting=527-l-803-17_23107559&w=1024&fallbackimageurl=https%3A%2F%2Fstatic-ind-elliman-newyorkcity-production.gtsstatic.net%2Fresources%2Fsiteresources%2Fcommonresources%2Fimages%2Fnophoto%2Fde_website_holder_1600x600.jpg,"of
				 11","66 CLINTON ST, 4B",Lower East Side,10002,"$1,550,000",1,bed,2,baths,,,,"{""@context"":""https://schema.org"",""@type"":[""Residence"",""Accommodation"",""Product""],""brand"":{""@type"":""Brand"",""@id"":""#527-l-803-17_23107559"",""name"":""Resource""},""url"":""https://www.elliman.com/newyorkcity/sales/detail/527-l-803-17_23107559/66-clinton-st-4b-lower-east-side-new-york-ny-10002"",""containedInPlace"":{""@type"":""Place"",""url"":""https://www.elliman.com/newyorkcity/sales/detail/527-l-803-17_23107559/66-clinton-st-4b-lower-east-side-new-york-ny-10002"",""name"":""66 CLINTON ST, 4B""},""description"":""Presenting residence 4B: a 975 SF 1 bedroom/ 2 bathroom residence designed by TalliTien. This residence features custom-stained flat cut white oak solid wood entry doors, cerused white oak hardwood floors with an HVAC heating and cooling system, and a Bosch Axxis Washer/Dryer Combination. This residence features custom-stained..."",""image"":""https://mmsmedia.vht.com/Media/Photography/DEGI/1804707/bd29c1c3-62c5-4dcf-91ec-e38e78477054.jpg?date=2024-10-24"",""floorSize"":[{""@type"":""QuantitativeValue"",""unitCode"":""FTK"",""value"":""975""}],""name"":""66 CLINTON ST, 4B"",""numberofBedrooms"":""1"",""numberofFullBathrooms"":""2"",""offers"":{""@type"":""Offer"",""businessFunction"":""https://purl.org/goodrelations/v1#Sell"",""availability"":""inStock"",""price"":""1550000"",""priceCurrency"":""USD"",""priceValidUntil"":""9999-12-31T23:59:59"",""validThrough"":""2026-10-29T20:48:39"",""name"":""66 CLINTON ST, 4B"",""url"":""https://www.elliman.com/newyorkcity/sales/detail/527-l-803-17_23107559/66-clinton-st-4b-lower-east-side-new-york-ny-10002"",""itemOffered"":""https://www.elliman.com/newyorkcity/sales/detail/527-l-803-17_23107559/66-clinton-st-4b-lower-east-side-new-york-ny-10002"",""image"":""https://mmsmedia.vht.com/Media/Photography/DEGI/1804707/bd29c1c3-62c5-4dcf-91ec-e38e78477054.jpg?date=2024-10-24"",""offeredBy"":{""@type"":""Person"",""url"":""https://www.elliman.com"",""telephone"":""212.891.7000"",""name"":""East Side"",""email"":""arenna@elliman.com""},""seller"":{""@type"":""Organization"",""@id"":""527-b-551-551"",""name"":""Resource"",""logo"":""https://www.elliman.com/siteresources/commonresources/images/nophoto/de_website_holder_450x450.jpg"",""image"":""https://www.elliman.com/siteresources/commonresources/images/nophoto/de_website_holder_450x450.jpg"",""address"":{""@type"":""PostalAddress"",""streetAddress"":""575 Madison Ave"",""addressLocality"":""New York"",""addressRegion"":""New York"",""postalCode"":""10022"",""addressCountry"":""United States""},""telephone"":""212.891.7000""}},""address"":{""@type"":""PostalAddress"",""streetAddress"":""66 CLINTON ST, 4B"",""addressLocality"":""New York"",""addressRegion"":""New York"",""postalCode"":""10002"",""addressCountry"":""United States""}}",
https://www.elliman.com/newyorkcity/sales/detail/527-l-551-17_23078748/66-clinton-st-3b-lower-east-side-new-york-ny-10002,https://img-de-v2.gtsstatic.net/reno/imagereader.aspx?idlisting=527-l-551-17_23078748&imageurl=https%3A%2F%2Fmmsmedia.vht.com%2FMedia%2FPhotography%2FDEGI%2F1799949%2F3bef1891-260d-41aa-9609-e82647886bca.jpg%3Fdate%3D2024-10-29&option=n&w=1024&fallbackimageurl=https%3A%2F%2Fstatic-ind-elliman-newyorkcity-production.gtsstatic.net%2Fresources%2Fsiteresources%2Fcommonresources%2Fimages%2Fnophoto%2Fde_website_holder_400x300.jpg,"of
				 11","66 CLINTON ST, 3B",Lower East Side,10002,"$1,475,000",1,bed,2,baths,,,,"{""@context"":""https://schema.org"",""@type"":[""Residence"",""Accommodation"",""Product""],""brand"":{""@type"":""Brand"",""@id"":""#527-l-551-17_23078748"",""name"":""Resource""},""url"":""https://www.elliman.com/newyorkcity/sales/detail/527-l-551-17_23078748/66-clinton-st-3b-lower-east-side-new-york-ny-10002"",""containedInPlace"":{""@type"":""Place"",""url"":""https://www.elliman.com/newyorkcity/sales/detail/527-l-551-17_23078748/66-clinton-st-3b-lower-east-side-new-york-ny-10002"",""name"":""66 CLINTON ST, 3B""},""description"":""Presenting residence 3B: a 975 SF 1 bedroom/ 2 bathroom residence designed by TalliTien. This residence features custom-stained flat cut white oak solid wood entry doors, cerused white oak hardwood floors with an HVAC heating and cooling system, and a Bosch Axxis Washer/Dryer Combination. This residence features custom-stained..."",""image"":""https://mmsmedia.vht.com/Media/Photography/DEGI/1799949/3bef1891-260d-41aa-9609-e82647886bca.jpg?date=2024-10-29"",""floorSize"":[{""@type"":""QuantitativeValue"",""unitCode"":""FTK"",""value"":""975""}],""name"":""66 CLINTON ST, 3B"",""numberofBedrooms"":""1"",""numberofFullBathrooms"":""2"",""offers"":{""@type"":""Offer"",""businessFunction"":""https://purl.org/goodrelations/v1#Sell"",""availability"":""inStock"",""price"":""1475000"",""priceCurrency"":""USD"",""priceValidUntil"":""9999-12-31T23:59:59"",""validThrough"":""2026-10-29T20:48:39"",""name"":""66 CLINTON ST, 3B"",""url"":""https://www.elliman.com/newyorkcity/sales/detail/527-l-551-17_23078748/66-clinton-st-3b-lower-east-side-new-york-ny-10002"",""itemOffered"":""https://www.elliman.com/newyorkcity/sales/detail/527-l-551-17_23078748/66-clinton-st-3b-lower-east-side-new-york-ny-10002"",""image"":""https://mmsmedia.vht.com/Media/Photography/DEGI/1799949/3bef1891-260d-41aa-9609-e82647886bca.jpg?date=2024-10-29"",""offeredBy"":{""@type"":""Person"",""url"":""https://www.elliman.com"",""telephone"":""212.891.7000"",""name"":""East Side"",""email"":""arenna@elliman.com""},""seller"":{""@type"":""Organization"",""@id"":""527-b-551-551"",""name"":""Resource"",""logo"":""https://www.elliman.com/siteresources/commonresources/images/nophoto/de_website_holder_450x450.jpg"",""image"":""https://www.elliman.com/siteresources/commonresources/images/nophoto/de_website_holder_450x450.jpg"",""address"":{""@type"":""PostalAddress"",""streetAddress"":""575 Madison Ave"",""addressLocality"":""New York"",""addressRegion"":""New York"",""postalCode"":""10022"",""addressCountry"":""United States""},""telephone"":""212.891.7000""}},""address"":{""@type"":""PostalAddress"",""streetAddress"":""66 CLINTON ST, 3B"",""addressLocality"":""New York"",""addressRegion"":""New York"",""postalCode"":""10002"",""addressCountry"":""United States""}}",
https://www.elliman.com/newyorkcity/sales/detail/527-l-551-17_23003791/66-clinton-st-2b-lower-east-side-new-york-ny-10002,https://img-de-v2.gtsstatic.net/reno/imagereader.aspx?idlisting=527-l-551-17_23003791&imageurl=https%3A%2F%2Fmmsmedia.vht.com%2FMedia%2FPhotography%2FDEGI%2F1787914%2F427c4f5e-09fa-4d72-a7fc-49f85726fe45.jpg%3Fdate%3D2024-06-28&option=n&w=1024&fallbackimageurl=https%3A%2F%2Fstatic-ind-elliman-newyorkcity-production.gtsstatic.net%2Fresources%2Fsiteresources%2Fcommonresources%2Fimages%2Fnophoto%2Fde_website_holder_400x300.jpg,"of
				 11","66 CLINTON ST, 2B",Lower East Side,10002,"$1,350,000",1,bed,2,baths,,,,"{""@context"":""https://schema.org"",""@type"":[""Residence"",""Accommodation"",""Product""],""brand"":{""@type"":""Brand"",""@id"":""#527-l-551-17_23003791"",""name"":""Resource""},""url"":""https://www.elliman.com/newyorkcity/sales/detail/527-l-551-17_23003791/66-clinton-st-2b-lower-east-side-new-york-ny-10002"",""containedInPlace"":{""@type"":""Place"",""url"":""https://www.elliman.com/newyorkcity/sales/detail/527-l-551-17_23003791/66-clinton-st-2b-lower-east-side-new-york-ny-10002"",""name"":""66 CLINTON ST, 2B""},""description"":""Presenting residence 2B: a 975 SF 1 bedroom/ 2 bathroom residence designed by TalliTien. This residence features custom-stained flat cut white oak solid wood entry doors, cerused white oak hardwood floors with an HVAC heating and cooling system, and a Bosch Axxis Washer/Dryer Combination. A harmonious blend of form and function,..."",""image"":""https://mmsmedia.vht.com/Media/Photography/DEGI/1787914/427c4f5e-09fa-4d72-a7fc-49f85726fe45.jpg?date=2024-06-28"",""floorSize"":[{""@type"":""QuantitativeValue"",""unitCode"":""FTK"",""value"":""975""}],""name"":""66 CLINTON ST, 2B"",""numberofBedrooms"":""1"",""numberofFullBathrooms"":""2"",""offers"":{""@type"":""Offer"",""businessFunction"":""https://purl.org/goodrelations/v1#Sell"",""availability"":""inStock"",""price"":""1350000"",""priceCurrency"":""USD"",""priceValidUntil"":""9999-12-31T23:59:59"",""validThrough"":""2026-10-29T20:48:39"",""name"":""66 CLINTON ST, 2B"",""url"":""https://www.elliman.com/newyorkcity/sales/detail/527-l-551-17_23003791/66-clinton-st-2b-lower-east-side-new-york-ny-10002"",""itemOffered"":""https://www.elliman.com/newyorkcity/sales/detail/527-l-551-17_23003791/66-clinton-st-2b-lower-east-side-new-york-ny-10002"",""image"":""https://mmsmedia.vht.com/Media/Photography/DEGI/1787914/427c4f5e-09fa-4d72-a7fc-49f85726fe45.jpg?date=2024-06-28"",""offeredBy"":{""@type"":""Person"",""url"":""https://www.elliman.com"",""telephone"":""212.891.7000"",""name"":""East Side"",""email"":""arenna@elliman.com""},""seller"":{""@type"":""Organization"",""@id"":""527-b-551-551"",""name"":""Resource"",""logo"":""https://www.elliman.com/siteresources/commonresources/images/nophoto/de_website_holder_450x450.jpg"",""image"":""https://www.elliman.com/siteresources/commonresources/images/nophoto/de_website_holder_450x450.jpg"",""address"":{""@type"":""PostalAddress"",""streetAddress"":""140 Franklin St"",""addressLocality"":""New York"",""addressRegion"":""New York"",""postalCode"":""10013"",""addressCountry"":""United States""},""telephone"":""212.891.7000""}},""address"":{""@type"":""PostalAddress"",""streetAddress"":""66 CLINTON ST, 2B"",""addressLocality"":""New York"",""addressRegion"":""New York"",""postalCode"":""10002"",""addressCountry"":""United States""}}",
,,,,,,,,,,,,,,"{""@context"":""https://schema.org"",""@type"":[""Residence"",""Accommodation"",""Product""],""brand"":{""@type"":""Brand"",""@id"":""#527-l-551-17_23003791"",""name"":""Resource""},""url"":""https://www.elliman.com/newyorkcity/sales/detail/527-l-551-17_23003791/66-clinton-st-2b-lower-east-side-new-york-ny-10002"",""containedInPlace"":{""@type"":""Place"",""url"":""https://www.elliman.com/newyorkcity/sales/detail/527-l-551-17_23003791/66-clinton-st-2b-lower-east-side-new-york-ny-10002"",""name"":""66 CLINTON ST, 2B""},""description"":""Presenting residence 2B: a 975 SF 1 bedroom/ 2 bathroom residence designed by TalliTien. This residence features custom-stained flat cut white oak solid wood entry doors, cerused white oak hardwood floors with an HVAC heating and cooling system, and a Bosch Axxis Washer/Dryer Combination. A harmonious blend of form and function,..."",""image"":""https://mmsmedia.vht.com/Media/Photography/DEGI/1787914/427c4f5e-09fa-4d72-a7fc-49f85726fe45.jpg?date=2024-06-28"",""floorSize"":[{""@type"":""QuantitativeValue"",""unitCode"":""FTK"",""value"":""975""}],""name"":""66 CLINTON ST, 2B"",""numberofBedrooms"":""1"",""numberofFullBathrooms"":""2"",""offers"":{""@type"":""Offer"",""businessFunction"":""https://purl.org/goodrelations/v1#Sell"",""availability"":""inStock"",""price"":""1350000"",""priceCurrency"":""USD"",""priceValidUntil"":""9999-12-31T23:59:59"",""validThrough"":""2026-10-29T20:48:39"",""name"":""66 CLINTON ST, 2B"",""url"":""https://www.elliman.com/newyorkcity/sales/detail/527-l-551-17_23003791/66-clinton-st-2b-lower-east-side-new-york-ny-10002"",""itemOffered"":""https://www.elliman.com/newyorkcity/sales/detail/527-l-551-17_23003791/66-clinton-st-2b-lower-east-side-new-york-ny-10002"",""image"":""https://mmsmedia.vht.com/Media/Photography/DEGI/1787914/427c4f5e-09fa-4d72-a7fc-49f85726fe45.jpg?date=2024-06-28"",""offeredBy"":{""@type"":""Person"",""url"":""https://www.elliman.com"",""telephone"":""212.891.7000"",""name"":""East Side"",""email"":""arenna@elliman.com""},""seller"":{""@type"":""Organization"",""@id"":""527-b-551-551"",""name"":""Resource"",""logo"":""https://www.elliman.com/siteresources/commonresources/images/nophoto/de_website_holder_450x450.jpg"",""image"":""https://www.elliman.com/siteresources/commonresources/images/nophoto/de_website_holder_450x450.jpg"",""address"":{""@type"":""PostalAddress"",""streetAddress"":""140 Franklin St"",""addressLocality"":""New York"",""addressRegion"":""New York"",""postalCode"":""10013"",""addressCountry"":""United States""},""telephone"":""212.891.7000""}},""address"":{""@type"":""PostalAddress"",""streetAddress"":""66 CLINTON ST, 2B"",""addressLocality"":""New York"",""addressRegion"":""New York"",""postalCode"":""10002"",""addressCountry"":""United States""}}",